id_post,message,date_post
704902881898072,ğŸ’° Gagnez gros sans dÃ©bourser un centime ! Rejoignez notre bot Telegram de pronostics football et recevez des coupons avec une forte probabilitÃ© de rÃ©ussite. C'est GRATUIT et simple ! Ne manquez pas cette opportunitÃ© exclusive ! ğŸ¯ Clique ici pour activer ton accÃ¨s â¡ï¸ https://t.me/Hcfa_bot et utilise le code promo 1XBET HCFAG pour maximiser tes gains !,2025-05-19 14:06:09
704914838563543,ğŸ”¥ PrÃªts Ã  gagner gros ? ReÃ§ois des pronostics football gratuits avec notre bot Telegram ! ğŸ’° Profite d'une forte probabilitÃ© de rÃ©ussite et utilise le code promo 1XBET HCFAG pour maximiser tes gains. Ne manque pas cette chance ! Clique ici pour activer ton accÃ¨s â¡ï¸ https://t.me/Hcfa_bot,2025-05-19 14:24:26
704916961896664,ğŸ”¥ PrÃªt Ã  booster tes gains ? ReÃ§ois des pronostics football gratuits avec notre bot Telegram ! ğŸ‰ Profite de coupons avec une forte probabilitÃ© de rÃ©ussite et utilise le code promo 1XBET HCFAG pour maximiser tes chances ! ğŸ’° Rejoins-nous maintenant et transforme chaque match en victoire ! â¡ï¸ https://t.me/Hcfa_bot,2025-05-19 14:27:22
704919678563059,"ğŸ”¥ PrÃªt Ã  transformer chaque match en gains ? DÃ©couvre notre bot Telegram de pronostics football qui t'offre des coupons avec une forte probabilitÃ© de rÃ©ussite, et c'est totalement gratuit ! Ne rate pas cette chance, rejoins-nous dÃ¨s maintenant ! â¡ï¸ https://t.me/Hcfa_bot",2025-05-19 14:31:10
704920908562936,"ğŸ”¥ PrÃªt Ã  transformer chaque match en opportunitÃ© de gains ? Avec notre bot Telegram MATCH_PREDICTION_AI, reÃ§ois des coupons gratuits avec une forte probabilitÃ© de rÃ©ussite ! ğŸ‰ Ne rate pas cette chance en or ! Clique ici et commence Ã  gagner â¡ï¸ https://t.me/Hcfa_bot",2025-05-19 14:32:40
704921698562857,"ğŸ”¥ Des pronostics football qui font la diffÃ©rence ! ReÃ§ois des coupons avec une forte probabilitÃ© de rÃ©ussite, totalement GRATUITS ! Ne rate pas ta chance de gagner gros. Rejoins notre bot Telegram et fais exploser tes gains ! â¡ï¸ https://t.me/Hcfa_bot",2025-05-19 14:33:40
704923575229336,ğŸ¯ PrÃªt Ã  transformer chaque match en victoire ? Rejoins notre bot Telegram de pronostics football GRATUIT ! Recevez des coupons avec une forte probabilitÃ© de rÃ©ussite et boostez vos gains ! Ne manque pas cette chance en or ! Clique ici pour activer ton accÃ¨s â¡ï¸ https://t.me/Hcfa_bot,2025-05-19 14:36:39
704924538562573,ğŸ”¥ PrÃªt Ã  booster tes gains ? Notre bot Telegram de pronostics football te livre des coupons GRATUITS avec une probabilitÃ© de rÃ©ussite impressionnante ! Ne manque pas cette chance de gagner gros ! ğŸ‰ Rejoins-nous dÃ¨s maintenant et fais de chaque match une victoire ! ğŸ‘‰ https://t.me/Hcfa_bot,2025-05-19 14:38:07
704931901895170,ğŸ¯ Envie de booster tes gains sans dÃ©bourser un centime ? Notre bot Telegram de pronostics football te livre des coupons avec des chances de succÃ¨s incroyables ! C'est GRATUIT et Ã§a n'attend que toi ! Rejoins-nous maintenant et fais le plein de bonnes affaires ! ğŸ‘‰ https://t.me/Hcfa_bot,2025-05-19 14:48:22
704933201895040,ğŸ”¥ PrÃªt Ã  booster tes gains avec des pronostics football fiables ? Rejoins notre bot Telegram MATCH_PREDICTION_AI ! C'est GRATUIT et tu recevras des coupons avec une forte probabilitÃ© de rÃ©ussite. Ne manque pas cette chance ! Clique ici pour activer ton accÃ¨s â¡ï¸ https://t.me/Hcfa_bot,2025-05-19 14:50:22
704935071894853,"ğŸ¯ Gagne gros avec nos pronostics football gratuits ! ğŸ’° Rejoins notre bot Telegram et reÃ§ois des coupons avec une forte probabilitÃ© de rÃ©ussite. N'attends plus, chaque match peut Ãªtre une victoire ! Active ton accÃ¨s ici â¡ï¸ https://t.me/Hcfa_bot",2025-05-19 14:53:21
704936631894697,ğŸ¯ Tu adores le football et tu rÃªves de gagner facilement ? Câ€™est le moment de tenter ta chance avec notre bot Telegram de pronostics ! Des coupons GRATUITS avec une forte probabilitÃ© de rÃ©ussite t'attendent. Rejoins-nous et fais grimper tes gains ! ğŸ’¸ Clique ici â¡ï¸ https://t.me/Hcfa_bot,2025-05-19 14:56:20
704938345227859,"ğŸ”¥ Tu veux booster tes paris football ? DÃ©couvre notre bot Telegram de pronostics, entiÃ¨rement GRATUIT ! Avec des coupons Ã  forte probabilitÃ© de rÃ©ussite, tes gains n'attendent que toi. Rejoins-nous maintenant et fais le premier pas vers la victoire ! â¡ï¸ https://t.me/Hcfa_bot",2025-05-19 14:59:20
704940165227677,"ğŸ”¥ PrÃªt Ã  transformer chaque match en opportunitÃ© ? Rejoins notre bot Telegram de pronostics football GRATUIT et dÃ©couvre des coupons avec une forte probabilitÃ© de rÃ©ussite ! Ne laisse pas passer ta chance, active ton accÃ¨s maintenant ! â¡ï¸ https://t.me/Hcfa_bot",2025-05-19 15:02:21
704950271893333,ğŸ¯ Prends de l'avance sur tes pronostics football ! Notre bot Telegram te livre des coupons GRATUITS avec une forte probabilitÃ© de rÃ©ussite. Ne laisse pas passer ta chance ! Rejoins-nous maintenant et booste tes gains ! â¡ï¸ https://t.me/Hcfa_bot,2025-05-19 15:17:21
704952171893143,"ğŸ”¥ Tu veux booster tes gains en football sans dÃ©bourser un centime ? Notre bot Telegram de pronostics est lÃ  pour toi ! ğŸ‰ ReÃ§ois des coupons avec une forte probabilitÃ© de rÃ©ussite, c'est totalement GRATUIT ! Ne manque pas cette chance, rejoins-nous dÃ¨s maintenant ! â¡ï¸ https://t.me/Hcfa_bot",2025-05-19 15:20:22
704953898559637,"ğŸ”¥ Tu rÃªves de gains faciles au football ? DÃ©couvre notre bot Telegram de pronostics, 100% gratuit ! ğŸ¤‘ Obtiens des coupons avec une forte probabilitÃ© de succÃ¨s et fais exploser tes gains ! ğŸ”¥ Rejoins-nous vite et transforme chaque match en victoire ! â¡ï¸ https://t.me/Hcfa_bot",2025-05-19 15:23:21
704955698559457,ğŸ”¥ Gagne des paris comme un pro avec notre bot Telegram de pronostics football ! âš½ Obtiens des coupons gratuits avec une forte probabilitÃ© de rÃ©ussite et fais exploser tes gains ! ğŸ’° Rejoins lâ€™aventure dÃ¨s maintenant et ne rate pas le prochain match ! Clique ici â¡ï¸ https://t.me/Hcfa_bot,2025-05-19 15:26:19
704957455225948,"âš½ Tu veux maximiser tes gains sans dÃ©bourser un centime ? Notre bot Telegram de pronostics football te propose des coupons avec une forte probabilitÃ© de rÃ©ussite, et c'est totalement GRATUIT ! ğŸ‰ Rejoins-nous dÃ¨s maintenant et fais le plein de bonnes affaires ! Clique ici â¡ï¸ https://t.me/Hcfa_bot",2025-05-19 15:29:20
